diameter_mm,group,feed_mm_min,spindle_rpm,cut_length_m,cut_hours,tool_count,work_material,app_material,machine,source,memo
16,rough,3282,1390,352.4,1.79,1,NAK80,鉄,V77,301_DJ30-RC6-2701（スキャナカバー）改_V77.ncd,複合ラジアス R1 等高複刃荒取り
10,rough,5980,6053,1271.0,3.54,3,NAK80,鉄,V77,301_DJ30-RC6-2701（スキャナカバー）改_V77.ncd,ラジアス R0.3〜R2 等高複刃荒取り（高送り）
10,finish,528,6000,117.0,3.69,1,NAK80,鉄,V77,301_DJ30-RC6-2701（スキャナカバー）改_V77.ncd,ラジアス R0.3 等高線全体仕上げ
6,rough,1398,5707,329.9,3.93,3,NAK80,鉄,V77,301_DJ30-RC6-2701（スキャナカバー）改_V77.ncd,ラジアス R0.3・ボール 等高複刃荒取り
6,finish,1681,5800,665.6,6.60,2,NAK80,鉄,V77,301_DJ30-RC6-2701（スキャナカバー）改_V77.ncd,ラジアス R0.1 中仕上げ・仕上げ
3,rough,1705,12508,119.2,1.16,6,NAK80,鉄,V77,301_DJ30-RC6-2701（スキャナカバー）改_V77.ncd,ボール・ラジアス R0.3 等高複刃荒取り
3,finish,1585,8800,1066.2,11.21,2,NAK80,鉄,V77,301_DJ30-RC6-2701（スキャナカバー）改_V77.ncd,ラジアス R0.1 中仕上げ・仕上げ（穴径仕上げの工具は除く）
1.5,rough,684,9256,201.0,4.90,7,NAK80,鉄,V77,301_DJ30-RC6-2701（スキャナカバー）改_V77.ncd,テーパネックボール・ラジアス R0.3 等高複刃荒取り
1.5,finish,553,6000,441.3,13.31,3,NAK80,鉄,V77,301_DJ30-RC6-2701（スキャナカバー）改_V77.ncd,ラジアス R0.1・R0.3 中仕上げ・仕上げ
1,rough,737,12846,267.3,6.04,2,NAK80,鉄,V77,301_DJ30-RC6-2701（スキャナカバー）改_V77.ncd,テーパネックボール 等高複刃荒取り
0.8,rough,373,16237,150.0,6.70,4,NAK80,鉄,V77,301_DJ30-RC6-2701（スキャナカバー）改_V77.ncd,テーパネックボール・ボール 等高複刃荒取り
0.8,finish,554,15828,561.5,16.88,9,NAK80,鉄,V77,301_DJ30-RC6-2701（スキャナカバー）改_V77.ncd,テーパネックボール・ボール 中仕上げ・仕上げ
0.6,rough,355,19110,36.8,1.73,4,NAK80,鉄,V77,301_DJ30-RC6-2701（スキャナカバー）改_V77.ncd,テーパネックボール・ボール 等高複刃荒取り
0.6,finish,214,15349,43.1,3.36,3,NAK80,鉄,V77,301_DJ30-RC6-2701（スキャナカバー）改_V77.ncd,テーパネックボール・ボール・スクエア 中仕上げ・仕上げ
